id;title;source;link;kind;time;content
1;niches Small;Compatible Pa'anga hack;Tasty;internet solution;2020-11-17T01:58:16;../fake-data/blob/hipster.txt
2;index;virtual Ergonomic Steel Table Plastic;Ball maximize;array card North Korean Won;2020-11-16T17:27:44;../fake-data/blob/hipster.txt
3;Bacon generate Generic Cotton Keyboard;Platinum Electronics;auxiliary Orchestrator;backing up Personal Loan Account Unbranded;2020-11-16T16:14:32;../fake-data/blob/hipster.txt
4;synergistic Home Loan Account;process improvement orange;pink;infomediaries infrastructures;2020-11-16T20:33:32;../fake-data/blob/hipster.txt
5;withdrawal Small Soft Computer;Reverse-engineered Checking Account;CSS Aruban Guilder;users cross-platform contextually-based;2020-11-17T05:45:42;../fake-data/blob/hipster.txt
6;Rhode Island Wooden;world-class Bedfordshire payment;Savings Account Bedfordshire withdrawal;withdrawal;2020-11-16T09:49:56;../fake-data/blob/hipster.txt
7;North Korean Won Rupiah;connect Inlet;program Investor;New Jersey PNG HTTP;2020-11-16T19:11:58;../fake-data/blob/hipster.txt
8;transmitting;Granite encryption Integration;Incredible;salmon back-end interface;2020-11-17T03:23:36;../fake-data/blob/hipster.txt
9;Developer Specialist;capacitor e-markets;Cambridgeshire back-end Robust;Fresh Chips;2020-11-16T13:13:35;../fake-data/blob/hipster.txt
10;override;Lodge;1hack connect Movies;Fish;2020-11-16T14:38:26;../fake-data/blob/hipster.txt
11;niches Small;Compatible Pa'anga hack;1Tasty;internet solution;2020-11-17T01:58:16;../fake-data/blob/hipster.txt
12;index;virtual Ergonomic Steel Table Plastic;1Ball maximize;1array card North Korean Won;2020-11-16T17:27:44;../fake-data/blob/hipster.txt
13;Bacon generate Generic Cotton Keyboard;1Platinum Electronics;1auxiliary Orchestrator;backing up Personal Loan Account Unbranded;2020-11-16T16:14:32;../fake-data/blob/hipster.txt
14;synergistic Home Loan Account;process improvement orange;1pink;infomediaries infrastructures;2020-11-16T20:33:32;../fake-data/blob/hipster.txt
15;withdrawal Small Soft Computer;Reverse-engineered Checking Account;1CSS Aruban Guilder;users cross-platform contextually-based;2020-11-17T05:45:42;../fake-data/blob/hipster.txt
16;Rhode Island Wooden;world-class Bedfordshire payment;1Savings Account Bedfordshire withdrawal;withdrawal;2020-11-16T09:49:56;../fake-data/blob/hipster.txt
17;North Korean Won Rupiah;connect Inlet;1program Investor;1New Jersey PNG HTTP;2020-11-16T19:11:58;../fake-data/blob/hipster.txt
18;transmitting;Granite encryption Integration;1Incredible;salmon back-end interface;2020-11-17T03:23:36;../fake-data/blob/hipster.txt
19;Developer Specialist;capacitor e-markets;1Cambridgeshire back-end Robust;Fresh Chips;2020-11-16T13:13:35;../fake-data/blob/hipster.txt
20;override;Lodge;2hack connect Movies;Fish;2020-11-16T14:38:26;../fake-data/blob/hipster.txt
21;niches Small;Compatible Pa'anga hack;2Tasty;internet solution;2020-11-17T01:58:16;../fake-data/blob/hipster.txt
22;index;virtual Ergonomic Steel Table Plastic;2Ball maximize;array card North Korean Won;2020-11-16T17:27:44;../fake-data/blob/hipster.txt
23;Bacon generate Generic Cotton Keyboard;Platinum Electronics;2auxiliary Orchestrator;backing up Personal Loan Account Unbranded;2020-11-16T16:14:32;../fake-data/blob/hipster.txt
24;synergistic Home Loan Account;process improvement orange;2pink;infomediaries infrastructures;2020-11-16T20:33:32;../fake-data/blob/hipster.txt
25;withdrawal Small Soft Computer;Reverse-engineered Checking Account;2CSS Aruban Guilder;users cross-platform contextually-based;2020-11-17T05:45:42;../fake-data/blob/hipster.txt
26;Rhode Island Wooden;world-class Bedfordshire payment;2Savings Account Bedfordshire withdrawal;withdrawal;2020-11-16T09:49:56;../fake-data/blob/hipster.txt
27;North Korean Won Rupiah;connect Inlet;2program Investor;New Jersey PNG HTTP;2020-11-16T19:11:58;../fake-data/blob/hipster.txt
28;transmitting;Granite encryption Integration;2Incredible;salmon back-end interface;2020-11-17T03:23:36;../fake-data/blob/hipster.txt
29;Developer Specialist;capacitor e-markets;2Cambridgeshire back-end Robust;Fresh Chips;2020-11-16T13:13:35;../fake-data/blob/hipster.txt
30;override;Lodge;3hack connect Movies;Fish;2020-11-16T14:38:26;../fake-data/blob/hipster.txt
